annoaccademico,immatricolabile,corso_codice,corso_descrizione,url,campus,sededidattica,ambiti,tipologia,durata,internazionale,internazionale_titolo,internazionale_lingua,lingue,accesso
2023/2024,False,0881,Architettura,http://www.unibo.it/it/didattica/corsi-di-studio/corso/2023/0881,Cesena,Cesena,Ingegneria e architettura,Laurea Magistrale a ciclo unico,5,False,,,it,numero chiuso
2023/2024,True,0884,Chimica industriale,http://www.unibo.it/it/didattica/corsi-di-studio/corso/2023/0884,Bologna,Bologna,Scienze,Laurea Magistrale,2,False,,,it,libero
2023/2024,True,0897,Direzione aziendale,http://www.unibo.it/it/didattica/corsi-di-studio/corso/2023/0897,Bologna,Bologna,Economia e management,Laurea Magistrale,2,False,,,it,numero chiuso
2023/2024,False,0900,Economia e professione,http://www.unibo.it/it/didattica/corsi-di-studio/corso/2023/0900,Bologna,Bologna,Economia e management,Laurea Magistrale,2,False,,,it,numero chiuso
2023/2024,True,0901,"Finanza, intermediari e mercati",http://www.unibo.it/it/didattica/corsi-di-studio/corso/2023/0901,Bologna,Bologna,Economia e management,Laurea Magistrale,2,False,,,it,numero chiuso
2023/2024,True,0902,Innovation and Organization of Culture and the Arts,http://www.unibo.it/it/didattica/corsi-di-studio/corso/2023/0902,Bologna,Bologna,Economia e management,Laurea Magistrale,2,True,,Erogato in lingua straniera,en,numero chiuso
2023/2024,True,0905,Economia e commercio,http://www.unibo.it/it/didattica/corsi-di-studio/corso/2023/0905,Forlì,Forlì,Economia e management,Laurea Magistrale,2,True,Titolo multiplo,,it,libero
2023/2024,True,0924,Ingegneria energetica,http://www.unibo.it/it/didattica/corsi-di-studio/corso/2023/0924,Bologna,Bologna,Ingegneria e architettura,Laurea,3,False,,,it,numero chiuso
2023/2024,True,0925,Ingegneria gestionale,http://www.unibo.it/it/didattica/corsi-di-studio/corso/2023/0925,Bologna,Bologna,Ingegneria e architettura,Laurea,3,False,,,it,numero chiuso
2023/2024,True,0927,Ingegneria meccanica,http://www.unibo.it/it/didattica/corsi-di-studio/corso/2023/0927,Bologna,Bologna,Ingegneria e architettura,Laurea,3,False,,,it,numero chiuso
2023/2024,True,0930,Ingegneria civile,http://www.unibo.it/it/didattica/corsi-di-studio/corso/2023/0930,Bologna,Bologna,Ingegneria e architettura,Laurea Magistrale,2,False,,,it,libero
2023/2024,True,0934,Ingegneria elettronica,http://www.unibo.it/it/didattica/corsi-di-studio/corso/2023/0934,Bologna,Bologna,Ingegneria e architettura,Laurea Magistrale,2,True,,Erogato in lingua straniera (solo alcuni curricula),it en,libero
2023/2024,False,0935,Ingegneria energetica,http://www.unibo.it/it/didattica/corsi-di-studio/corso/2023/0935,Bologna,Bologna,Ingegneria e architettura,Laurea Magistrale,2,False,,,it,libero
2023/2024,True,0936,Ingegneria gestionale,http://www.unibo.it/it/didattica/corsi-di-studio/corso/2023/0936,Bologna,Bologna,Ingegneria e architettura,Laurea Magistrale,2,False,,,it,libero
2023/2024,False,0940,Ingegneria edile - architettura,http://www.unibo.it/it/didattica/corsi-di-studio/corso/2023/0940,Bologna,Bologna,Ingegneria e architettura,Laurea Magistrale a ciclo unico,5,False,,,it,numero chiuso
2023/2024,True,0949,Ingegneria meccanica,http://www.unibo.it/it/didattica/corsi-di-studio/corso/2023/0949,Forlì,Forlì,Ingegneria e architettura,Laurea,3,False,,,it,numero chiuso
2023/2024,True,0962,Storia,http://www.unibo.it/it/didattica/corsi-di-studio/corso/2023/0962,Bologna,Bologna,Studi umanistici,Laurea,3,True,Titolo multiplo,,it,libero
2023/2024,True,0964,Antropologia culturale ed etnologia,http://www.unibo.it/it/didattica/corsi-di-studio/corso/2023/0964,Bologna,Bologna,Studi umanistici,Laurea Magistrale,2,False,,,it,libero
2023/2024,True,0971,Geografia e processi territoriali,http://www.unibo.it/it/didattica/corsi-di-studio/corso/2023/0971,Bologna,Bologna,Studi umanistici,Laurea Magistrale,2,False,,,it,libero
2023/2024,True,0979,Lingue e letterature straniere,http://www.unibo.it/it/didattica/corsi-di-studio/corso/2023/0979,Bologna,Bologna,"Lingue e Letterature, Traduzione e Interpretazione",Laurea,3,False,,,it,numero chiuso
2023/2024,True,0981,"Letterature moderne, comparate e postcoloniali",http://www.unibo.it/it/didattica/corsi-di-studio/corso/2023/0981,Bologna,Bologna,"Lingue e Letterature, Traduzione e Interpretazione",Laurea Magistrale,2,True,Titolo multiplo (solo alcuni curricula),,it,libero
2023/2024,True,0983,Lingua e cultura italiane per stranieri,http://www.unibo.it/it/didattica/corsi-di-studio/corso/2023/0983,Bologna,Bologna,"Lingue e Letterature, Traduzione e Interpretazione",Laurea Magistrale,2,False,,,it,libero
2023/2024,False,0989,Neuroscienze e riabilitazione neuropsicologica,http://www.unibo.it/it/didattica/corsi-di-studio/corso/2023/0989,Cesena,Cesena,Psicologia,Laurea Magistrale,2,False,,,it,libero
2023/2024,False,0990,Psicologia clinica,http://www.unibo.it/it/didattica/corsi-di-studio/corso/2023/0990,Cesena,Cesena,Psicologia,Laurea Magistrale,2,True,Titolo multiplo,,it,numero chiuso
2023/2024,False,0991,Psicologia cognitiva applicata,http://www.unibo.it/it/didattica/corsi-di-studio/corso/2023/0991,Bologna,Bologna,Psicologia,Laurea Magistrale,2,False,,,it,libero
2023/2024,False,0993,Psicologia scolastica e di comunità,http://www.unibo.it/it/didattica/corsi-di-studio/corso/2023/0993,Cesena,Cesena,Psicologia,Laurea Magistrale,2,True,Titolo multiplo,,it,libero
2023/2024,True,5695,Architettura-ingegneria,http://www.unibo.it/it/didattica/corsi-di-studio/corso/2023/5695,Bologna,Bologna,Ingegneria e architettura,Laurea,3,False,,,it,numero programmato nazionale con prova locale
2023/2024,False,5696,"Società e culture del Mediterraneo: istituzioni, sicurezza, ambiente",http://www.unibo.it/it/didattica/corsi-di-studio/corso/2023/5696,Ravenna,Ravenna,Studi umanistici,Laurea,3,False,,,it,libero
2023/2024,True,5697,Ingegneria edile-architettura,http://www.unibo.it/it/didattica/corsi-di-studio/corso/2023/5697,Bologna,Bologna,Ingegneria e architettura,Laurea Magistrale,2,True,,Erogato in lingua straniera (solo alcuni curricula),it en,numero chiuso
2023/2024,True,5698,"Informazione, culture e organizzazione dei media",http://www.unibo.it/it/didattica/corsi-di-studio/corso/2023/5698,Bologna,Bologna,Studi umanistici,Laurea Magistrale,2,False,,,it,libero
2023/2024,True,5699,Electric Vehicle Engineering,http://www.unibo.it/it/didattica/corsi-di-studio/corso/2023/5699,Bologna,Bologna,Ingegneria e architettura,Laurea Magistrale,2,True,Titolo congiunto,Erogato in lingua straniera,en,numero chiuso
2023/2024,False,5700,Psychology of Wellbeing and Social Inclusivity,http://www.unibo.it/it/didattica/corsi-di-studio/corso/2023/5700,Bologna,Bologna,Psicologia,Laurea Magistrale,2,True,,Erogato in lingua straniera,en,libero
2023/2024,True,5701,Chemical Innovation and Regulation,http://www.unibo.it/it/didattica/corsi-di-studio/corso/2023/5701,Bologna,Bologna,Scienze,Laurea Magistrale,2,True,Titolo congiunto,Erogato in lingua straniera,en,numero chiuso
2023/2024,True,5702,International Politics and Economics,http://www.unibo.it/it/didattica/corsi-di-studio/corso/2023/5702,Forlì,Forlì,"Scienze politiche, Economia e management",Laurea Magistrale,2,True,,Erogato in lingua straniera,en,numero chiuso
2023/2024,True,5703,"Comunicazione giornalistica, pubblica e d'impresa",http://www.unibo.it/it/didattica/corsi-di-studio/corso/2023/5703,Bologna,Bologna,Scienze politiche,Laurea Magistrale,2,False,,,it,numero chiuso
2023/2024,True,5704,Didattica e comunicazione delle scienze naturali,http://www.unibo.it/it/didattica/corsi-di-studio/corso/2023/5704,Bologna,Bologna,Scienze,Laurea Magistrale,2,False,,,it,libero
2023/2024,True,5705,Precise and Sustainable Agriculture,http://www.unibo.it/it/didattica/corsi-di-studio/corso/2023/5705,Bologna,Bologna,Scienze agro-alimentari,Laurea Magistrale,2,True,,Erogato in lingua straniera,en,libero
2023/2024,True,5706,Advanced Spectroscopy in Chemistry,http://www.unibo.it/it/didattica/corsi-di-studio/corso/2023/5706,Bologna,Bologna,Scienze,Laurea Magistrale,2,True,Titolo congiunto,Erogato in lingua straniera,en,numero chiuso
2023/2024,False,5708,Medicina e chirurgia,http://www.unibo.it/it/didattica/corsi-di-studio/corso/2023/5708,Ravenna,Ravenna,Medicina e Chirurgia,Laurea Magistrale a ciclo unico,6,False,,,it,numero programmato nazionale
2023/2024,False,5709,Medicina e chirurgia,http://www.unibo.it/it/didattica/corsi-di-studio/corso/2023/5709,Forlì,Forlì,Medicina e Chirurgia,Laurea Magistrale a ciclo unico,6,False,,,it,numero programmato nazionale
2023/2024,True,5710,Scienze dello spettacolo e della produzione audiovisiva,http://www.unibo.it/it/didattica/corsi-di-studio/corso/2023/5710,,"Lecce, Bologna",Studi umanistici,Laurea Magistrale,2,False,Titolo congiunto,,it,libero
2023/2024,True,5711,Scienze della formazione primaria,http://www.unibo.it/it/didattica/corsi-di-studio/corso/2023/5711,Bologna,Bologna,Scienze dell’educazione e della formazione,Laurea Magistrale a ciclo unico,5,False,,,it,numero programmato nazionale con prova locale
2023/2024,True,5723,Aerospace Engineering,http://www.unibo.it/it/didattica/corsi-di-studio/corso/2023/5723,Forlì,Forlì,Ingegneria e architettura,Laurea Magistrale,2,True,Titolo multiplo,Erogato in lingua straniera,en,numero chiuso
2023/2024,True,5724,Ingegneria meccanica,http://www.unibo.it/it/didattica/corsi-di-studio/corso/2023/5724,Bologna,Bologna,Ingegneria e architettura,Laurea Magistrale,2,True,Titolo multiplo,,it,libero
2023/2024,True,5726,Educatore sociale e culturale,http://www.unibo.it/it/didattica/corsi-di-studio/corso/2023/5726,Bologna,Bologna,Scienze dell’educazione e della formazione,Laurea,3,False,,,it,numero chiuso
2023/2024,True,5727,Educatore sociale e culturale,http://www.unibo.it/it/didattica/corsi-di-studio/corso/2023/5727,Rimini,Rimini,Scienze dell’educazione e della formazione,Laurea,3,False,,,it,numero chiuso
2023/2024,True,5728,Sicurezza e qualità delle produzioni animali,http://www.unibo.it/it/didattica/corsi-di-studio/corso/2023/5728,Bologna,Ozzano dell'Emilia,Medicina veterinaria,Laurea Magistrale,2,False,,,it,libero
2023/2024,True,5729,Biologia della salute,http://www.unibo.it/it/didattica/corsi-di-studio/corso/2023/5729,Bologna,Imola,Farmacia e biotecnologie,Laurea Magistrale,2,False,,,it,numero chiuso
2023/2024,True,5808,Scienze e cultura della gastronomia,http://www.unibo.it/it/didattica/corsi-di-studio/corso/2023/5808,Cesena,Cesena,Scienze agro-alimentari,Laurea,3,False,,,it,libero
2023/2024,True,5809,Architecture and Creative Practices for the City and Landscape,http://www.unibo.it/it/didattica/corsi-di-studio/corso/2023/5809,Bologna,Bologna,Ingegneria e architettura,Laurea Magistrale,2,True,,Erogato in lingua straniera,en,numero chiuso
2023/2024,True,5810,Advanced Methods in Particle Physics,http://www.unibo.it/it/didattica/corsi-di-studio/corso/2023/5810,Bologna,"Bologna, Dortmund, Clermont-Ferrand",Scienze,Laurea Magistrale,2,True,Titolo congiunto,Erogato in lingua straniera,en,libero
2023/2024,True,5811,"Law, Economics and Governance",http://www.unibo.it/it/didattica/corsi-di-studio/corso/2023/5811,Bologna,Bologna,Economia e management,Laurea Magistrale,2,True,,Erogato in lingua straniera,en,libero
2023/2024,True,5812,"Nutrizione umana, benessere e salute",http://www.unibo.it/it/didattica/corsi-di-studio/corso/2023/5812,Rimini,Rimini,Scienze motorie,Laurea Magistrale,2,False,,,it,numero chiuso
2023/2024,True,5813,"Wellness, Sport and Health",http://www.unibo.it/it/didattica/corsi-di-studio/corso/2023/5813,Rimini,Rimini,Scienze motorie,Laurea Magistrale,2,True,,Erogato in lingua straniera,en,libero
2023/2024,True,5814,Food Animal Metabolism and Management in the Circular Economy,http://www.unibo.it/it/didattica/corsi-di-studio/corso/2023/5814,Bologna,Ozzano dell'Emilia,Medicina veterinaria,Laurea Magistrale,2,True,,Erogato in lingua straniera,en,libero
2023/2024,True,5815,Digital Transformation Management,http://www.unibo.it/it/didattica/corsi-di-studio/corso/2023/5815,Cesena,"Cesena, Forlì","Ingegneria e architettura, Scienze, Economia e management",Laurea Magistrale,2,True,,Erogato in lingua straniera,en,numero chiuso
2023/2024,False,5816,Tecnologie dei sistemi informatici,http://www.unibo.it/it/didattica/corsi-di-studio/corso/2023/5816,Cesena,"Cesena, Imola",Ingegneria e architettura,Laurea,3,False,,,it,numero chiuso
2023/2024,False,5817,Tecniche per l'edilizia e il territorio,http://www.unibo.it/it/didattica/corsi-di-studio/corso/2023/5817,Bologna,Bologna,Ingegneria e architettura,Laurea,3,False,,,it,numero chiuso
2023/2024,False,5818,Meccatronica,http://www.unibo.it/it/didattica/corsi-di-studio/corso/2023/5818,Bologna,"Bologna, Imola, Lugo",Ingegneria e architettura,Laurea,3,False,,,it,numero chiuso
2023/2024,True,5819,"Economics, Politics and Social Sciences",http://www.unibo.it/it/didattica/corsi-di-studio/corso/2023/5819,Bologna,Bologna,"Economia e management, Scienze politiche",Laurea,3,True,,Erogato in lingua straniera,en,numero chiuso
2023/2024,True,5821,"Dams - discipline delle arti, della musica e dello spettacolo",http://www.unibo.it/it/didattica/corsi-di-studio/corso/2023/5821,Bologna,Bologna,Studi umanistici,Laurea,3,False,,,it,numero chiuso
2023/2024,True,5822,Ingegneria dell'energia elettrica,http://www.unibo.it/it/didattica/corsi-di-studio/corso/2023/5822,Bologna,Bologna,Ingegneria e architettura,Laurea,3,False,,,it,libero
2023/2024,True,5823,Scienze naturali,http://www.unibo.it/it/didattica/corsi-di-studio/corso/2023/5823,Bologna,Bologna,Scienze,Laurea,3,False,,,it,numero chiuso
2023/2024,True,5824,Biodiversità ed evoluzione,http://www.unibo.it/it/didattica/corsi-di-studio/corso/2023/5824,Bologna,Bologna,Scienze,Laurea Magistrale,2,False,,,it,libero
2023/2024,True,5825,Molecular and Cell  Biology,http://www.unibo.it/it/didattica/corsi-di-studio/corso/2023/5825,Bologna,Bologna,Farmacia e biotecnologie,Laurea Magistrale,2,True,,Erogato in lingua straniera,en,libero
2023/2024,True,5826,Ingegneria informatica,http://www.unibo.it/it/didattica/corsi-di-studio/corso/2023/5826,Bologna,Bologna,Ingegneria e architettura,Laurea Magistrale,2,False,,,it,libero
2023/2024,True,5827,Matematica,http://www.unibo.it/it/didattica/corsi-di-studio/corso/2023/5827,Bologna,Bologna,Scienze,Laurea Magistrale,2,True,,Erogato in lingua straniera (solo alcuni curricula),it en,libero
2023/2024,True,5828,Astrophysics and Cosmology,http://www.unibo.it/it/didattica/corsi-di-studio/corso/2023/5828,Bologna,Bologna,Scienze,Laurea Magistrale,2,True,,Erogato in lingua straniera,en,libero
2023/2024,False,5829,"Work, Organizational and Personnel Psychology",http://www.unibo.it/it/didattica/corsi-di-studio/corso/2023/5829,Cesena,Cesena,Psicologia,Laurea Magistrale,2,True,Titolo multiplo (solo alcuni curricula),Erogato in lingua straniera,en,libero
2023/2024,True,5830,Scienze e tecnologie per il verde e il paesaggio,http://www.unibo.it/it/didattica/corsi-di-studio/corso/2023/5830,Bologna,Imola,Scienze agro-alimentari,Laurea,3,False,,,it,libero
2023/2024,True,5831,Tecnologie per il territorio e l'ambiente agro-forestale,http://www.unibo.it/it/didattica/corsi-di-studio/corso/2023/5831,Bologna,Bologna,Scienze agro-alimentari,Laurea,3,False,,,it,libero
2023/2024,True,5832,Tecnologie agrarie,http://www.unibo.it/it/didattica/corsi-di-studio/corso/2023/5832,Bologna,Bologna,Scienze agro-alimentari,Laurea,3,False,,,it,libero
2023/2024,True,5833,Economia e marketing nel sistema agro-industriale,http://www.unibo.it/it/didattica/corsi-di-studio/corso/2023/5833,Bologna,Bologna,Scienze agro-alimentari,Laurea,3,False,,,it,libero
2023/2024,True,5834,Ingegneria elettronica,http://www.unibo.it/it/didattica/corsi-di-studio/corso/2023/5834,Cesena,Cesena,Ingegneria e architettura,Laurea,3,False,,,it,libero
2023/2024,False,5881,Metodologie chimiche per prodotti e processi,http://www.unibo.it/it/didattica/corsi-di-studio/corso/2023/5881,Bologna,Bologna,Scienze,Laurea,3,False,,,it,numero chiuso
2023/2024,True,5885,Greening Energy Market and Finance,http://www.unibo.it/it/didattica/corsi-di-studio/corso/2023/5885,Bologna,Bologna,Scienze Statistiche,Laurea Magistrale,2,True,Titolo multiplo,Erogato in lingua straniera,en,libero
2023/2024,True,5889,Governance e politiche dell'innovazione digitale,http://www.unibo.it/it/didattica/corsi-di-studio/corso/2023/5889,Bologna,Bologna,"Scienze politiche, Ingegneria e architettura, Scienze",Laurea Magistrale,2,False,,,it,numero chiuso
2023/2024,True,5890,Religioni Storie Culture,http://www.unibo.it/it/didattica/corsi-di-studio/corso/2023/5890,Bologna,Bologna,Studi umanistici,Laurea Magistrale,2,False,Titolo congiunto,,it,libero
2023/2024,True,5891,International Management,http://www.unibo.it/it/didattica/corsi-di-studio/corso/2023/5891,Bologna,Bologna,Economia e management,Laurea Magistrale,2,True,,Erogato in lingua straniera,en,numero chiuso
2023/2024,True,5892,Management and Economics,http://www.unibo.it/it/didattica/corsi-di-studio/corso/2023/5892,Forlì,Forlì,Economia e management,Laurea,3,True,,Erogato in lingua straniera,en,numero chiuso
2023/2024,True,5895,Science of Climate,http://www.unibo.it/it/didattica/corsi-di-studio/corso/2023/5895,Bologna,Bologna,Scienze,Laurea Magistrale,2,True,,Erogato in lingua straniera,en,libero
2023/2024,True,5897,Building Construction Engineering,http://www.unibo.it/it/didattica/corsi-di-studio/corso/2023/5897,Ravenna,Ravenna,Ingegneria e architettura,Laurea,3,True,,Erogato in lingua straniera,en,libero
2023/2024,True,5898,Informatica,http://www.unibo.it/it/didattica/corsi-di-studio/corso/2023/5898,Bologna,Bologna,Scienze,Laurea Magistrale,2,True,Titolo multiplo (solo alcuni curricula),,it,libero
2023/2024,True,5899,"Cinema, televisione e produzione multimediale",http://www.unibo.it/it/didattica/corsi-di-studio/corso/2023/5899,Bologna,Bologna,Studi umanistici,Laurea Magistrale,2,False,,,it,libero
2023/2024,True,5900,Analisi e gestione dell'ambiente,http://www.unibo.it/it/didattica/corsi-di-studio/corso/2023/5900,Ravenna,Ravenna,Scienze,Laurea Magistrale,2,True,,Erogato in lingua straniera (solo alcuni curricula),it en,libero
2023/2024,True,5901,"Statistica, finanza e assicurazioni",http://www.unibo.it/it/didattica/corsi-di-studio/corso/2023/5901,Rimini,Rimini,Scienze Statistiche,Laurea,3,False,,,it,numero chiuso
2023/2024,True,5902,Health Economics and Management,http://www.unibo.it/it/didattica/corsi-di-studio/corso/2023/5902,Bologna,Bologna,Economia e management,Laurea Magistrale,2,True,Titolo congiunto,Erogato in lingua straniera,en,libero
2023/2024,True,5903,Giurisprudenza,http://www.unibo.it/it/didattica/corsi-di-studio/corso/2023/5903,Ravenna,Ravenna,Giurisprudenza,Laurea Magistrale a ciclo unico,5,True,Titolo multiplo,,it,libero
2023/2024,True,5904,Medicina e chirurgia,http://www.unibo.it/it/didattica/corsi-di-studio/corso/2023/5904,Bologna,Bologna,Medicina e Chirurgia,Laurea Magistrale a ciclo unico,6,False,,,it,numero programmato nazionale
2023/2024,True,5905,Medicina e chirurgia,http://www.unibo.it/it/didattica/corsi-di-studio/corso/2023/5905,Forlì,Forlì,Medicina e Chirurgia,Laurea Magistrale a ciclo unico,6,False,,,it,numero programmato nazionale
2023/2024,True,5906,Medicina e chirurgia,http://www.unibo.it/it/didattica/corsi-di-studio/corso/2023/5906,Ravenna,Ravenna,Medicina e Chirurgia,Laurea Magistrale a ciclo unico,6,False,,,it,numero programmato nazionale
2023/2024,True,5907,Infermieristica (abilitante alla professione sanitaria di infermiere),http://www.unibo.it/it/didattica/corsi-di-studio/corso/2023/5907,Bologna,Bologna,Medicina e Chirurgia,Laurea,3,False,,,it,numero programmato nazionale con prova locale
2023/2024,True,5908,Infermieristica (abilitante alla professione sanitaria di infermiere),http://www.unibo.it/it/didattica/corsi-di-studio/corso/2023/5908,Ravenna,Faenza,Medicina e Chirurgia,Laurea,3,False,,,it,numero programmato nazionale con prova locale
2023/2024,True,5909,Biology of Human and Environmental Health,http://www.unibo.it/it/didattica/corsi-di-studio/corso/2023/5909,,"Padova, Bologna",Scienze,Laurea,3,True,Titolo congiunto,Erogato in lingua straniera,en,numero chiuso
2023/2024,True,5910,Tourism Economics and Management,http://www.unibo.it/it/didattica/corsi-di-studio/corso/2023/5910,Rimini,Rimini,Economia e management,Laurea Magistrale,2,True,,Erogato in lingua straniera,en,libero
2023/2024,True,5911,East European and Eurasian Studies,http://www.unibo.it/it/didattica/corsi-di-studio/corso/2023/5911,Forlì,Forlì,Scienze politiche,Laurea Magistrale,2,True,Titolo congiunto,Erogato in lingua straniera,en,numero chiuso
2023/2024,True,5912,Sviluppo locale e globale,http://www.unibo.it/it/didattica/corsi-di-studio/corso/2023/5912,Bologna,Bologna,Scienze politiche,Laurea Magistrale,2,False,,,it,numero chiuso
2023/2024,True,5913,Economia e diritto,http://www.unibo.it/it/didattica/corsi-di-studio/corso/2023/5913,Bologna,Bologna,Economia e management,Laurea Magistrale,2,True,,Erogato in lingua straniera (solo alcuni curricula),it en,numero chiuso
2023/2024,True,5915,Tecniche ortopediche (abilitante alla professione sanitaria di tecnico ortopedico),http://www.unibo.it/it/didattica/corsi-di-studio/corso/2023/5915,Bologna,Bologna,Medicina e Chirurgia,Laurea,3,False,,,it,numero programmato nazionale con prova locale
2023/2024,True,5917,Electronic Engineering for Intelligent Vehicles,http://www.unibo.it/it/didattica/corsi-di-studio/corso/2023/5917,,"Parma, Bologna, Modena",Ingegneria e architettura,Laurea Magistrale,2,True,Titolo congiunto,Erogato in lingua straniera,en,numero chiuso
2023/2024,True,5940,Scienza dei materiali,http://www.unibo.it/it/didattica/corsi-di-studio/corso/2023/5940,Bologna,Bologna,Scienze,Laurea,3,False,,,it,numero chiuso
2023/2024,True,5941,Compositi polimerici,http://www.unibo.it/it/didattica/corsi-di-studio/corso/2023/5941,Bologna,"Bologna, Imola",Ingegneria e architettura,Laurea,3,False,,,it,numero chiuso
2023/2024,True,5943,Service Management,http://www.unibo.it/it/didattica/corsi-di-studio/corso/2023/5943,Rimini,Rimini,Economia e management,Laurea Magistrale,2,True,,Erogato in lingua straniera,en,numero chiuso
2023/2024,True,5944,Business Administration and Sustainability,http://www.unibo.it/it/didattica/corsi-di-studio/corso/2023/5944,Forlì,Forlì,"Economia e management, Scienze agro-alimentari",Laurea Magistrale,2,True,Titolo multiplo,Erogato in lingua straniera,en,numero chiuso
2023/2024,True,5945,Economics and Public Policy,http://www.unibo.it/it/didattica/corsi-di-studio/corso/2023/5945,Bologna,Bologna,Economia e management,Laurea Magistrale,2,True,,Erogato in lingua straniera,en,libero
2023/2024,True,5946,"Dati, metodi e modelli per le scienze linguistiche",http://www.unibo.it/it/didattica/corsi-di-studio/corso/2023/5946,Bologna,Bologna,Studi umanistici,Laurea Magistrale,2,False,,,it,libero
2023/2024,True,5948,Biotecnologie agrarie vegetali,http://www.unibo.it/it/didattica/corsi-di-studio/corso/2023/5948,Bologna,Imola,Scienze agro-alimentari,Laurea Magistrale,2,False,,,it,libero
2023/2024,True,5949,International Studies,http://www.unibo.it/it/didattica/corsi-di-studio/corso/2023/5949,Forlì,Forlì,Scienze politiche,Laurea,3,True,,Erogato in lingua straniera,en,numero chiuso
2023/2024,True,5961,Psicologia scolastica e di comunità,http://www.unibo.it/it/didattica/corsi-di-studio/corso/2023/5961,Cesena,Cesena,Psicologia,Laurea Magistrale,2,True,Titolo multiplo,,it,libero
2023/2024,True,5962,Psicologia clinica,http://www.unibo.it/it/didattica/corsi-di-studio/corso/2023/5962,Cesena,Cesena,Psicologia,Laurea Magistrale,2,True,Titolo multiplo,,it,numero chiuso
2023/2024,True,5963,Scienze e tecniche psicologiche,http://www.unibo.it/it/didattica/corsi-di-studio/corso/2023/5963,Cesena,Cesena,Psicologia,Laurea,3,False,,,it,numero chiuso
2023/2024,True,5964,Neuroscienze e riabilitazione neuropsicologica,http://www.unibo.it/it/didattica/corsi-di-studio/corso/2023/5964,Cesena,Cesena,Psicologia,Laurea Magistrale,2,False,,,it,libero
2023/2024,True,5965,Psicologia cognitiva applicata,http://www.unibo.it/it/didattica/corsi-di-studio/corso/2023/5965,Bologna,Bologna,Psicologia,Laurea Magistrale,2,False,,,it,libero
2023/2024,True,5966,Psychology of Wellbeing and Social Inclusivity,http://www.unibo.it/it/didattica/corsi-di-studio/corso/2023/5966,Bologna,Bologna,Psicologia,Laurea Magistrale,2,True,,Erogato in lingua straniera,en,libero
2023/2024,True,5967,"Work, Organizational and Personnel Psychology",http://www.unibo.it/it/didattica/corsi-di-studio/corso/2023/5967,Cesena,Cesena,Psicologia,Laurea Magistrale,2,True,Titolo multiplo (solo alcuni curricula),Erogato in lingua straniera,en,libero
2023/2024,True,5969,Applied Economics and Markets,http://www.unibo.it/it/didattica/corsi-di-studio/corso/2023/5969,Bologna,Bologna,Economia e management,Laurea Magistrale,2,True,,Erogato in lingua straniera,en,libero
2023/2024,True,5974,"Storia, società e culture del Mediterraneo",http://www.unibo.it/it/didattica/corsi-di-studio/corso/2023/5974,Ravenna,Ravenna,Studi umanistici,Laurea,3,False,,,it,libero
2023/2024,True,5975,Scienze della comunicazione,http://www.unibo.it/it/didattica/corsi-di-studio/corso/2023/5975,Bologna,Bologna,Studi umanistici,Laurea,3,False,,,it,numero chiuso
2023/2024,True,5976,Biotecnologie,http://www.unibo.it/it/didattica/corsi-di-studio/corso/2023/5976,Bologna,Bologna,Farmacia e biotecnologie,Laurea,3,False,,,it,numero chiuso
2023/2024,True,5977,Economics and Econometrics,http://www.unibo.it/it/didattica/corsi-di-studio/corso/2023/5977,Bologna,Bologna,Economia e management,Laurea Magistrale,2,True,,Erogato in lingua straniera,en,libero
2023/2024,True,5978,Ingegneria energetica,http://www.unibo.it/it/didattica/corsi-di-studio/corso/2023/5978,Bologna,Bologna,Ingegneria e architettura,Laurea Magistrale,2,False,,,it,libero
2023/2024,True,5979,Lingue e tecnologie per la comunicazione interculturale,http://www.unibo.it/it/didattica/corsi-di-studio/corso/2023/5979,Forlì,Forlì,"Lingue e Letterature, Traduzione e Interpretazione",Laurea,3,True,Titolo multiplo (solo alcuni curricula),,it,numero chiuso
2023/2024,True,5980,Mechanical Engineering for Sustainability,http://www.unibo.it/it/didattica/corsi-di-studio/corso/2023/5980,Forlì,Forlì,Ingegneria e architettura,Laurea Magistrale,2,True,,Erogato in lingua straniera,en,libero
2023/2024,True,5981,"Economia, consulenza e professioni",http://www.unibo.it/it/didattica/corsi-di-studio/corso/2023/5981,Bologna,Bologna,Economia e management,Laurea Magistrale,2,False,,,it,numero chiuso
2023/2024,True,5982,Scienze biologiche,http://www.unibo.it/it/didattica/corsi-di-studio/corso/2023/5982,Bologna,Bologna,Scienze,Laurea,3,False,,,it,numero chiuso
2023/2024,True,5983,European Studies,http://www.unibo.it/it/didattica/corsi-di-studio/corso/2023/5983,Bologna,Bologna,Scienze politiche,Laurea,3,True,Titolo congiunto,Erogato in lingua straniera,en,libero
2023/2024,True,5984,Medicina veterinaria,http://www.unibo.it/it/didattica/corsi-di-studio/corso/2023/5984,Bologna,Ozzano dell'Emilia,Medicina veterinaria,Laurea Magistrale a ciclo unico,5,False,,,it,numero programmato nazionale
2023/2024,True,5985,Farmacia,http://www.unibo.it/it/didattica/corsi-di-studio/corso/2023/5985,Bologna,Bologna,Farmacia e biotecnologie,Laurea Magistrale a ciclo unico,5,True,Titolo multiplo (solo alcuni curricula),,it,numero chiuso
2023/2024,True,5986,Chimica e tecnologia farmaceutiche,http://www.unibo.it/it/didattica/corsi-di-studio/corso/2023/5986,Bologna,Bologna,Farmacia e biotecnologie,Laurea Magistrale a ciclo unico,5,False,,,it,numero chiuso
2023/2024,True,5987,Pharmacy,http://www.unibo.it/it/didattica/corsi-di-studio/corso/2023/5987,Rimini,Rimini,Farmacia e biotecnologie,Laurea Magistrale a ciclo unico,5,True,,Erogato in lingua straniera,en,numero chiuso
2023/2024,True,5988,Odontoiatria e protesi dentaria,http://www.unibo.it/it/didattica/corsi-di-studio/corso/2023/5988,Bologna,Bologna,Medicina e Chirurgia,Laurea Magistrale a ciclo unico,6,False,,,it,numero programmato nazionale
2023/2024,True,6006,Metodologie chimiche per prodotti e processi,http://www.unibo.it/it/didattica/corsi-di-studio/corso/2023/6006,Bologna,Bologna,Scienze,Laurea,3,False,,,it,numero chiuso
2023/2024,True,6007,Tecnologie dei sistemi informatici,http://www.unibo.it/it/didattica/corsi-di-studio/corso/2023/6007,Cesena,"Cesena, Imola",Ingegneria e architettura,Laurea,3,False,,,it,numero chiuso
2023/2024,True,6008,Tecniche per l'edilizia e il territorio,http://www.unibo.it/it/didattica/corsi-di-studio/corso/2023/6008,Bologna,Bologna,Ingegneria e architettura,Laurea,3,False,,,it,numero chiuso
2023/2024,True,6009,Meccatronica,http://www.unibo.it/it/didattica/corsi-di-studio/corso/2023/6009,Bologna,"Bologna, Imola, Lugo",Ingegneria e architettura,Laurea,3,False,,,it,numero chiuso
2023/2024,True,8004,Astronomia,http://www.unibo.it/it/didattica/corsi-di-studio/corso/2023/8004,Bologna,Bologna,Scienze,Laurea,3,False,,,it,numero chiuso
2023/2024,False,8005,Biotecnologie,http://www.unibo.it/it/didattica/corsi-di-studio/corso/2023/8005,Bologna,Bologna,Farmacia e biotecnologie,Laurea,3,False,,,it,numero chiuso
2023/2024,True,8006,Chimica e chimica dei materiali,http://www.unibo.it/it/didattica/corsi-di-studio/corso/2023/8006,Bologna,Bologna,Scienze,Laurea,3,False,,,it,numero chiuso
2023/2024,True,8009,Informatica,http://www.unibo.it/it/didattica/corsi-di-studio/corso/2023/8009,Bologna,Bologna,Scienze,Laurea,3,False,,,it,numero chiuso
2023/2024,True,8010,Matematica,http://www.unibo.it/it/didattica/corsi-di-studio/corso/2023/8010,Bologna,Bologna,Scienze,Laurea,3,False,,,it,numero chiuso
2023/2024,True,8011,Scienze ambientali,http://www.unibo.it/it/didattica/corsi-di-studio/corso/2023/8011,Ravenna,Ravenna,Scienze,Laurea,3,False,,,it,libero
2023/2024,False,8012,Scienze biologiche,http://www.unibo.it/it/didattica/corsi-di-studio/corso/2023/8012,Bologna,Bologna,Scienze,Laurea,3,False,,,it,numero chiuso
2023/2024,True,8014,Informatica per il management,http://www.unibo.it/it/didattica/corsi-di-studio/corso/2023/8014,Bologna,Bologna,Scienze,Laurea,3,False,,,it,numero chiuso
2023/2024,True,8015,Scienze geologiche,http://www.unibo.it/it/didattica/corsi-di-studio/corso/2023/8015,Bologna,Bologna,Scienze,Laurea,3,False,,,it,libero
2023/2024,True,8020,Bioinformatics,http://www.unibo.it/it/didattica/corsi-di-studio/corso/2023/8020,Bologna,Bologna,Farmacia e biotecnologie,Laurea Magistrale,2,True,,Erogato in lingua straniera,en,libero
2023/2024,True,8038,"Economia, mercati e istituzioni",http://www.unibo.it/it/didattica/corsi-di-studio/corso/2023/8038,Bologna,Bologna,Economia e management,Laurea,3,False,,,it,numero chiuso
2023/2024,True,8040,Servizio sociale,http://www.unibo.it/it/didattica/corsi-di-studio/corso/2023/8040,Bologna,Bologna,Sociologia,Laurea,3,False,,,it,numero chiuso
2023/2024,True,8048,Scienze internazionali e diplomatiche,http://www.unibo.it/it/didattica/corsi-di-studio/corso/2023/8048,Forlì,Forlì,Scienze politiche,Laurea,3,False,,,it,numero chiuso
2023/2024,False,8059,Mediazione linguistica interculturale,http://www.unibo.it/it/didattica/corsi-di-studio/corso/2023/8059,Forlì,Forlì,"Lingue e Letterature, Traduzione e Interpretazione",Laurea,3,True,Titolo multiplo,,it,numero chiuso
2023/2024,True,8060,Interpretazione,http://www.unibo.it/it/didattica/corsi-di-studio/corso/2023/8060,Forlì,Forlì,"Lingue e Letterature, Traduzione e Interpretazione",Laurea Magistrale,2,False,,,it,numero chiuso
2023/2024,True,8182,Design del prodotto industriale,http://www.unibo.it/it/didattica/corsi-di-studio/corso/2023/8182,Bologna,Bologna,Ingegneria e architettura,Laurea,3,False,,,it,numero chiuso
2023/2024,False,8204,Odontoiatria e protesi dentaria,http://www.unibo.it/it/didattica/corsi-di-studio/corso/2023/8204,Bologna,Bologna,Medicina e Chirurgia,Laurea Magistrale a ciclo unico,6,False,,,it,numero programmato nazionale
2023/2024,True,8406,Management e marketing,http://www.unibo.it/it/didattica/corsi-di-studio/corso/2023/8406,Bologna,Bologna,Economia e management,Laurea,3,False,,,it,numero chiuso
2023/2024,False,8408,Economics,http://www.unibo.it/it/didattica/corsi-di-studio/corso/2023/8408,Bologna,Bologna,Economia e management,Laurea Magistrale,2,True,,Erogato in lingua straniera,en,libero
2023/2024,False,8412,Chimica e tecnologia farmaceutiche,http://www.unibo.it/it/didattica/corsi-di-studio/corso/2023/8412,Bologna,Bologna,Farmacia e biotecnologie,Laurea Magistrale a ciclo unico,5,False,,,it,numero chiuso
2023/2024,False,8415,Medicina e chirurgia,http://www.unibo.it/it/didattica/corsi-di-studio/corso/2023/8415,Bologna,Bologna,Medicina e Chirurgia,Laurea Magistrale a ciclo unico,6,False,,,it,numero programmato nazionale
2023/2024,False,8420,Economia e politica economica,http://www.unibo.it/it/didattica/corsi-di-studio/corso/2023/8420,Bologna,Bologna,Economia e management,Laurea Magistrale,2,True,,Erogato in lingua straniera (solo alcuni curricula),it en,libero
2023/2024,True,8470,Dietistica (abilitante alla professione sanitaria di dietista),http://www.unibo.it/it/didattica/corsi-di-studio/corso/2023/8470,Bologna,Bologna,Medicina e Chirurgia,Laurea,3,False,,,it,numero programmato nazionale con prova locale
2023/2024,False,8473,Infermieristica (abilitante alla professione sanitaria di infermiere),http://www.unibo.it/it/didattica/corsi-di-studio/corso/2023/8473,Bologna,Bologna,Medicina e Chirurgia,Laurea,3,False,,,it,numero programmato nazionale con prova locale
2023/2024,False,8474,Infermieristica (abilitante alla professione sanitaria di infermiere),http://www.unibo.it/it/didattica/corsi-di-studio/corso/2023/8474,Ravenna,Faenza,Medicina e Chirurgia,Laurea,3,False,,,it,numero programmato nazionale con prova locale
2023/2024,True,8475,Infermieristica (abilitante alla professione sanitaria di infermiere),http://www.unibo.it/it/didattica/corsi-di-studio/corso/2023/8475,Rimini,Rimini,Medicina e Chirurgia,Laurea,3,False,,,it,numero programmato nazionale con prova locale
2023/2024,True,8476,Fisioterapia (abilitante alla professione sanitaria di fisioterapista),http://www.unibo.it/it/didattica/corsi-di-studio/corso/2023/8476,Bologna,Bologna,Medicina e Chirurgia,Laurea,3,False,,,it,numero programmato nazionale con prova locale
2023/2024,True,8477,Educazione professionale (abilitante alla professione sanitaria di educatore professionale),http://www.unibo.it/it/didattica/corsi-di-studio/corso/2023/8477,Bologna,Imola,Medicina e Chirurgia,Laurea,3,False,,,it,numero programmato nazionale con prova locale
2023/2024,True,8479,Podologia (abilitante alla professione sanitaria di podologo),http://www.unibo.it/it/didattica/corsi-di-studio/corso/2023/8479,Bologna,Bologna,Medicina e Chirurgia,Laurea,3,False,,,it,numero programmato nazionale con prova locale
2023/2024,True,8481,Igiene dentale (abilitante alla professione sanitaria di igienista dentale),http://www.unibo.it/it/didattica/corsi-di-studio/corso/2023/8481,Bologna,Bologna,Medicina e Chirurgia,Laurea,3,False,,,it,numero programmato nazionale con prova locale
2023/2024,True,8482,Tecniche di neurofisiopatologia (abilitante alla professione sanitaria di tecnico di neurofisiopatologia),http://www.unibo.it/it/didattica/corsi-di-studio/corso/2023/8482,Bologna,Bologna,Medicina e Chirurgia,Laurea,3,False,,,it,numero programmato nazionale con prova locale
2023/2024,False,8483,Tecniche ortopediche (abilitante alla professione sanitaria di tecnico ortopedico),http://www.unibo.it/it/didattica/corsi-di-studio/corso/2023/8483,Bologna,Bologna,Medicina e Chirurgia,Laurea,3,False,,,it,numero programmato nazionale con prova locale
2023/2024,True,8484,Tecniche di laboratorio biomedico (abilitante alla professione sanitaria di tecnico di laboratorio biomedico),http://www.unibo.it/it/didattica/corsi-di-studio/corso/2023/8484,Bologna,Bologna,Medicina e Chirurgia,Laurea,3,False,,,it,numero programmato nazionale con prova locale
2023/2024,True,8487,Tecniche della prevenzione nell'ambiente e nei luoghi di lavoro (abilitante alla professione sanitaria di tecnico della prevenzione nell'ambiente e nei luoghi di lavoro),http://www.unibo.it/it/didattica/corsi-di-studio/corso/2023/8487,Bologna,Imola,Medicina e Chirurgia,Laurea,3,False,,,it,numero programmato nazionale con prova locale
2023/2024,True,8488,Scienze infermieristiche e ostetriche,http://www.unibo.it/it/didattica/corsi-di-studio/corso/2023/8488,Bologna,Bologna,Medicina e Chirurgia,Laurea Magistrale,2,False,,,it,numero programmato nazionale con prova locale
2023/2024,True,8491,Scienze criminologiche per l'investigazione e la sicurezza,http://www.unibo.it/it/didattica/corsi-di-studio/corso/2023/8491,Forlì,Forlì,Sociologia,Laurea Magistrale,2,False,,,it,libero
2023/2024,True,8493,"Antropologia, religioni, civiltà orientali",http://www.unibo.it/it/didattica/corsi-di-studio/corso/2023/8493,Bologna,Bologna,Studi umanistici,Laurea,3,False,,,it,libero
2023/2024,True,8495,Sociologia,http://www.unibo.it/it/didattica/corsi-di-studio/corso/2023/8495,Forlì,Forlì,Sociologia,Laurea,3,False,,,it,libero
2023/2024,True,8512,Scienze delle attività motorie e sportive,http://www.unibo.it/it/didattica/corsi-di-studio/corso/2023/8512,Bologna,Bologna,Scienze motorie,Laurea,3,False,,,it,numero chiuso
2023/2024,True,8513,Chimica industriale,http://www.unibo.it/it/didattica/corsi-di-studio/corso/2023/8513,Bologna,Bologna,Scienze,Laurea,3,False,,,it,numero chiuso
2023/2024,True,8514,Chimica e tecnologie per l'ambiente e per i materiali,http://www.unibo.it/it/didattica/corsi-di-studio/corso/2023/8514,Rimini,Rimini,Scienze,Laurea,3,False,,,it,libero
2023/2024,True,8515,Chimica e tecnologie per l'ambiente e per i materiali,http://www.unibo.it/it/didattica/corsi-di-studio/corso/2023/8515,Ravenna,Faenza,Scienze,Laurea,3,False,,,it,libero
2023/2024,True,8518,Scienze farmaceutiche applicate,http://www.unibo.it/it/didattica/corsi-di-studio/corso/2023/8518,Bologna,Imola,Farmacia e biotecnologie,Laurea,3,False,,,it,numero chiuso
2023/2024,True,8522,Biotecnologie animali,http://www.unibo.it/it/didattica/corsi-di-studio/corso/2023/8522,Bologna,Ozzano dell'Emilia,Medicina veterinaria,Laurea Magistrale,2,False,,,it,libero
2023/2024,True,8527,Viticoltura ed enologia,http://www.unibo.it/it/didattica/corsi-di-studio/corso/2023/8527,Cesena,Cesena,Scienze agro-alimentari,Laurea,3,False,,,it,libero
2023/2024,True,8528,Tecnologie alimentari,http://www.unibo.it/it/didattica/corsi-di-studio/corso/2023/8528,Cesena,Cesena,Scienze agro-alimentari,Laurea,3,False,,,it,libero
2023/2024,True,8531,Scienze e tecnologie alimentari,http://www.unibo.it/it/didattica/corsi-di-studio/corso/2023/8531,Cesena,Cesena,Scienze agro-alimentari,Laurea Magistrale,2,False,,,it,libero
2023/2024,True,8532,"Progettazione e gestione degli ecosistemi agro-territoriali, forestali e del paesaggio",http://www.unibo.it/it/didattica/corsi-di-studio/corso/2023/8532,Bologna,Bologna,Scienze agro-alimentari,Laurea Magistrale,2,False,,,it,libero
2023/2024,True,8537,Science for the Conservation-Restoration of Cultural Heritage,http://www.unibo.it/it/didattica/corsi-di-studio/corso/2023/8537,Ravenna,Ravenna,Scienze,Laurea Magistrale,2,True,,Erogato in lingua straniera,en,libero
2023/2024,False,8540,Scienze della formazione primaria,http://www.unibo.it/it/didattica/corsi-di-studio/corso/2023/8540,Bologna,Bologna,Scienze dell’educazione e della formazione,Laurea Magistrale a ciclo unico,5,False,,,it,numero chiuso
2023/2024,True,8614,Ingegneria e scienze informatiche,http://www.unibo.it/it/didattica/corsi-di-studio/corso/2023/8614,Cesena,Cesena,"Ingegneria e architettura, Scienze",Laurea Magistrale,2,True,,Erogato in lingua straniera (solo alcuni curricula),it en,libero
2023/2024,True,8615,Ingegneria e scienze informatiche,http://www.unibo.it/it/didattica/corsi-di-studio/corso/2023/8615,Cesena,Cesena,"Ingegneria e architettura, Scienze",Laurea,3,False,,,it,numero chiuso
2023/2024,True,8616,Conservazione e restauro dei beni culturali (abilitante ai sensi del d. lgs n. 42/2004),http://www.unibo.it/it/didattica/corsi-di-studio/corso/2023/8616,Ravenna,Ravenna,Studi umanistici,Laurea Magistrale a ciclo unico,5,False,,,it,numero programmato nazionale con prova locale
2023/2024,False,8617,Medicina veterinaria,http://www.unibo.it/it/didattica/corsi-di-studio/corso/2023/8617,Bologna,Ozzano dell'Emilia,Medicina veterinaria,Laurea Magistrale a ciclo unico,5,False,,,it,numero programmato nazionale
2023/2024,True,8626,Fisica del sistema Terra,http://www.unibo.it/it/didattica/corsi-di-studio/corso/2023/8626,Bologna,Bologna,Scienze,Laurea Magistrale,2,False,,,it,libero
2023/2024,True,8766,Scienze delle attività motorie e sportive,http://www.unibo.it/it/didattica/corsi-di-studio/corso/2023/8766,Rimini,Rimini,Scienze motorie,Laurea,3,False,,,it,numero chiuso
2023/2024,True,8770,Ingegneria elettronica e telecomunicazioni per l'energia,http://www.unibo.it/it/didattica/corsi-di-studio/corso/2023/8770,Cesena,Cesena,Ingegneria e architettura,Laurea Magistrale,2,False,,,it,libero
2023/2024,False,8771,Ingegneria meccanica,http://www.unibo.it/it/didattica/corsi-di-studio/corso/2023/8771,Forlì,Forlì,Ingegneria e architettura,Laurea Magistrale,2,False,,,it,numero chiuso
2023/2024,True,8773,Scienze filosofiche,http://www.unibo.it/it/didattica/corsi-di-studio/corso/2023/8773,Bologna,Bologna,Studi umanistici,Laurea Magistrale,2,True,Titolo multiplo,,it,libero
2023/2024,False,8774,Scienze e tecniche psicologiche,http://www.unibo.it/it/didattica/corsi-di-studio/corso/2023/8774,Cesena,Cesena,Psicologia,Laurea,3,False,,,it,numero chiuso
2023/2024,True,8780,Scienze dell'educazione permanente e della formazione continua,http://www.unibo.it/it/didattica/corsi-di-studio/corso/2023/8780,Bologna,Bologna,Scienze dell’educazione e della formazione,Laurea Magistrale,2,False,,,it,libero
2023/2024,True,8786,Sociologia e servizio sociale,http://www.unibo.it/it/didattica/corsi-di-studio/corso/2023/8786,Bologna,Bologna,Sociologia,Laurea Magistrale,2,True,Titolo multiplo (solo alcuni curricula),,it,libero
2023/2024,True,8829,Ingegneria dei processi e dei sistemi edilizi,http://www.unibo.it/it/didattica/corsi-di-studio/corso/2023/8829,Ravenna,Ravenna,Ingegneria e architettura,Laurea Magistrale,2,True,,Erogato in lingua straniera (solo alcuni curricula),it en,libero
2023/2024,True,8834,Acquacoltura e igiene delle produzioni ittiche,http://www.unibo.it/it/didattica/corsi-di-studio/corso/2023/8834,Cesena,Cesenatico,Medicina veterinaria,Laurea,3,False,,,it,libero
2023/2024,True,8835,Economics and Finance,http://www.unibo.it/it/didattica/corsi-di-studio/corso/2023/8835,Bologna,Bologna,Economia e management,Laurea,3,True,,Erogato in lingua straniera,en,numero chiuso
2023/2024,True,8837,Discipline della musica e del teatro,http://www.unibo.it/it/didattica/corsi-di-studio/corso/2023/8837,Bologna,Bologna,Studi umanistici,Laurea Magistrale,2,False,,,it,libero
2023/2024,True,8839,Resource Economics and Sustainable Development,http://www.unibo.it/it/didattica/corsi-di-studio/corso/2023/8839,Rimini,Rimini,Economia e management,Laurea Magistrale,2,True,,Erogato in lingua straniera,en,libero
2023/2024,True,8842,Amministrazione e gestione d'impresa,http://www.unibo.it/it/didattica/corsi-di-studio/corso/2023/8842,Rimini,Rimini,Economia e management,Laurea Magistrale,2,False,,,it,numero chiuso
2023/2024,True,8843,Management dell'economia sociale,http://www.unibo.it/it/didattica/corsi-di-studio/corso/2023/8843,Forlì,Forlì,Economia e management,Laurea Magistrale,2,True,Titolo multiplo,,it,libero
2023/2024,True,8845,Scienze storiche e orientalistiche,http://www.unibo.it/it/didattica/corsi-di-studio/corso/2023/8845,Bologna,Bologna,Studi umanistici,Laurea Magistrale,2,True,Titolo multiplo (solo alcuni curricula),Erogato in lingua straniera (solo alcuni curricula),it en,libero
2023/2024,True,8847,Economia del turismo,http://www.unibo.it/it/didattica/corsi-di-studio/corso/2023/8847,Rimini,Rimini,Economia e management,Laurea,3,True,,Erogato in lingua straniera (solo alcuni curricula),it en,numero chiuso
2023/2024,True,8848,Economia dell'impresa,http://www.unibo.it/it/didattica/corsi-di-studio/corso/2023/8848,Rimini,Rimini,Economia e management,Laurea,3,True,,Erogato in lingua straniera (solo alcuni curricula),it en,numero chiuso
2023/2024,True,8850,Lettere,http://www.unibo.it/it/didattica/corsi-di-studio/corso/2023/8850,Bologna,Bologna,Studi umanistici,Laurea,3,True,Titolo multiplo (solo alcuni curricula),,it,libero
2023/2024,True,8853,"Scienze politiche, sociali e internazionali",http://www.unibo.it/it/didattica/corsi-di-studio/corso/2023/8853,Bologna,Bologna,Scienze politiche,Laurea,3,False,,,it,numero chiuso
2023/2024,True,8854,Quantitative Finance,http://www.unibo.it/it/didattica/corsi-di-studio/corso/2023/8854,Bologna,Bologna,Scienze Statistiche,Laurea Magistrale,2,True,Titolo multiplo,Erogato in lingua straniera,en,libero
2023/2024,True,8855,Archeologia e culture del mondo antico,http://www.unibo.it/it/didattica/corsi-di-studio/corso/2023/8855,Bologna,Bologna,Studi umanistici,Laurea Magistrale,2,True,Titolo multiplo,Erogato in lingua straniera (solo alcuni curricula),it en,libero
2023/2024,True,8857,Biologia marina,http://www.unibo.it/it/didattica/corsi-di-studio/corso/2023/8857,Ravenna,Ravenna,Scienze,Laurea Magistrale,2,False,,,it,libero
2023/2024,True,8871,Economia aziendale,http://www.unibo.it/it/didattica/corsi-di-studio/corso/2023/8871,Bologna,Bologna,Economia e management,Laurea,3,False,,,it,numero chiuso
2023/2024,False,8872,"Finanza, assicurazioni e impresa",http://www.unibo.it/it/didattica/corsi-di-studio/corso/2023/8872,Rimini,Rimini,Scienze Statistiche,Laurea,3,False,,,it,numero chiuso
2023/2024,True,8873,Scienze statistiche,http://www.unibo.it/it/didattica/corsi-di-studio/corso/2023/8873,Bologna,Bologna,"Scienze Statistiche, Scienze",Laurea,3,True,Titolo multiplo (solo alcuni curricula),Erogato in lingua straniera (solo alcuni curricula),it en,numero chiuso
2023/2024,True,8874,"Language, Society and Communication",http://www.unibo.it/it/didattica/corsi-di-studio/corso/2023/8874,Bologna,Bologna,"Lingue e Letterature, Traduzione e Interpretazione",Laurea Magistrale,2,True,,Erogato in lingua straniera,en,libero
2023/2024,True,8876,"Statistica, economia e impresa",http://www.unibo.it/it/didattica/corsi-di-studio/corso/2023/8876,Bologna,Bologna,Scienze Statistiche,Laurea Magistrale,2,True,,Erogato in lingua straniera (solo alcuni curricula),it en,libero
2023/2024,True,8877,"Scienze statistiche, finanziarie e attuariali",http://www.unibo.it/it/didattica/corsi-di-studio/corso/2023/8877,Rimini,Rimini,Scienze Statistiche,Laurea Magistrale,2,False,,,it,libero
2023/2024,True,8878,Scienze delle professioni sanitarie della prevenzione,http://www.unibo.it/it/didattica/corsi-di-studio/corso/2023/8878,Bologna,Imola,Medicina e Chirurgia,Laurea Magistrale,2,False,,,it,numero programmato nazionale con prova locale
2023/2024,True,8882,Produzioni animali,http://www.unibo.it/it/didattica/corsi-di-studio/corso/2023/8882,Bologna,Bologna,Scienze agro-alimentari,Laurea,3,False,,,it,libero
2023/2024,True,8883,International Horticultural Science,http://www.unibo.it/it/didattica/corsi-di-studio/corso/2023/8883,Bologna,"Bologna, Bolzano",Scienze agro-alimentari,Laurea Magistrale,2,True,Titolo congiunto,Erogato in lingua straniera,en,libero
2023/2024,False,8885,Scienze della comunicazione,http://www.unibo.it/it/didattica/corsi-di-studio/corso/2023/8885,Bologna,Bologna,Studi umanistici,Laurea,3,False,,,it,numero chiuso
2023/2024,True,8886,Semiotica,http://www.unibo.it/it/didattica/corsi-di-studio/corso/2023/8886,Bologna,Bologna,Studi umanistici,Laurea Magistrale,2,False,,,it,libero
2023/2024,True,8887,Ingegneria chimica e biochimica,http://www.unibo.it/it/didattica/corsi-di-studio/corso/2023/8887,Bologna,Bologna,Ingegneria e architettura,Laurea,3,False,,,it,numero chiuso
2023/2024,True,8888,Ingegneria civile,http://www.unibo.it/it/didattica/corsi-di-studio/corso/2023/8888,Bologna,Bologna,Ingegneria e architettura,Laurea,3,False,,,it,libero
2023/2024,True,8890,Sviluppo e cooperazione internazionale,http://www.unibo.it/it/didattica/corsi-di-studio/corso/2023/8890,Bologna,Bologna,"Scienze Statistiche, Scienze politiche",Laurea,3,False,,,it,numero chiuso
2023/2024,True,8891,Automation Engineering,http://www.unibo.it/it/didattica/corsi-di-studio/corso/2023/8891,Bologna,Bologna,Ingegneria e architettura,Laurea Magistrale,2,True,Titolo multiplo,Erogato in lingua straniera,en,libero
2023/2024,True,8894,Ingegneria per l'ambiente e il territorio,http://www.unibo.it/it/didattica/corsi-di-studio/corso/2023/8894,Bologna,Bologna,Ingegneria e architettura,Laurea Magistrale,2,True,Titolo multiplo (solo alcuni curricula),Erogato in lingua straniera (solo alcuni curricula),it en,libero
2023/2024,True,8895,Civil Engineering,http://www.unibo.it/it/didattica/corsi-di-studio/corso/2023/8895,Bologna,Bologna,Ingegneria e architettura,Laurea Magistrale,2,True,Titolo multiplo (solo alcuni curricula),Erogato in lingua straniera,en,libero
2023/2024,True,8896,Ingegneria chimica e di processo,http://www.unibo.it/it/didattica/corsi-di-studio/corso/2023/8896,Bologna,Bologna,Ingegneria e architettura,Laurea Magistrale,2,True,Titolo multiplo (solo alcuni curricula),Erogato in lingua straniera (solo alcuni curricula),it en,libero
2023/2024,True,8965,Business and Economics,http://www.unibo.it/it/didattica/corsi-di-studio/corso/2023/8965,Bologna,Bologna,Economia e management,Laurea,3,True,,Erogato in lingua straniera,en,numero chiuso
2023/2024,True,9062,Legal Studies,http://www.unibo.it/it/didattica/corsi-di-studio/corso/2023/9062,Bologna,Bologna,Giurisprudenza,Laurea Magistrale,2,True,,Erogato in lingua straniera,en,numero chiuso
2023/2024,True,9063,Artificial Intelligence,http://www.unibo.it/it/didattica/corsi-di-studio/corso/2023/9063,Bologna,Bologna,"Ingegneria e architettura, Scienze",Laurea Magistrale,2,True,,Erogato in lingua straniera,en,libero
2023/2024,True,9064,Culture e pratiche della moda,http://www.unibo.it/it/didattica/corsi-di-studio/corso/2023/9064,Rimini,Rimini,Studi umanistici,Laurea,3,False,,,it,numero chiuso
2023/2024,True,9065,Ingegneria elettronica e telecomunicazioni,http://www.unibo.it/it/didattica/corsi-di-studio/corso/2023/9065,Bologna,Bologna,Ingegneria e architettura,Laurea,3,False,,,it,libero
2023/2024,True,9066,Ingegneria dell'energia elettrica,http://www.unibo.it/it/didattica/corsi-di-studio/corso/2023/9066,Bologna,Bologna,Ingegneria e architettura,Laurea Magistrale,2,True,,Erogato in lingua straniera (solo alcuni curricula),it en,libero
2023/2024,True,9067,Fashion Studies,http://www.unibo.it/it/didattica/corsi-di-studio/corso/2023/9067,Rimini,Rimini,Studi umanistici,Laurea Magistrale,2,True,,Erogato in lingua straniera,en,libero
2023/2024,True,9068,Pharmaceutical Biotechnology,http://www.unibo.it/it/didattica/corsi-di-studio/corso/2023/9068,Bologna,Bologna,Farmacia e biotecnologie,Laurea Magistrale,2,True,,Erogato in lingua straniera,en,libero
2023/2024,True,9069,Scienze e tecniche dell'attività sportiva,http://www.unibo.it/it/didattica/corsi-di-studio/corso/2023/9069,Bologna,Bologna,Scienze motorie,Laurea Magistrale,2,False,,,it,numero chiuso
2023/2024,True,9070,"Filologia, letteratura e tradizione classica",http://www.unibo.it/it/didattica/corsi-di-studio/corso/2023/9070,Bologna,Bologna,Studi umanistici,Laurea Magistrale,2,False,,,it,libero
2023/2024,True,9071,Arti visive,http://www.unibo.it/it/didattica/corsi-di-studio/corso/2023/9071,Bologna,Bologna,Studi umanistici,Laurea Magistrale,2,True,Titolo multiplo,Erogato in lingua straniera (solo alcuni curricula),it fr en,libero
2023/2024,True,9072,Chimica,http://www.unibo.it/it/didattica/corsi-di-studio/corso/2023/9072,Bologna,Bologna,Scienze,Laurea Magistrale,2,False,,,it,libero
2023/2024,True,9073,Geologia e territorio,http://www.unibo.it/it/didattica/corsi-di-studio/corso/2023/9073,Bologna,Bologna,Scienze,Laurea Magistrale,2,True,,Erogato in lingua straniera (solo alcuni curricula),it en,libero
2023/2024,True,9074,Photochemistry and Molecular Materials,http://www.unibo.it/it/didattica/corsi-di-studio/corso/2023/9074,Bologna,Bologna,Scienze,Laurea Magistrale,2,True,,Erogato in lingua straniera,en,libero
2023/2024,True,9076,Beni culturali,http://www.unibo.it/it/didattica/corsi-di-studio/corso/2023/9076,Ravenna,Ravenna,Studi umanistici,Laurea,3,False,,,it,libero
2023/2024,True,9077,Scienze del libro e del documento,http://www.unibo.it/it/didattica/corsi-di-studio/corso/2023/9077,Ravenna,Ravenna,Studi umanistici,Laurea Magistrale,2,False,,,it,libero
2023/2024,False,9078,Pharmacy,http://www.unibo.it/it/didattica/corsi-di-studio/corso/2023/9078,Rimini,Rimini,Farmacia e biotecnologie,Laurea Magistrale a ciclo unico,5,True,,Erogato in lingua straniera,en,numero chiuso
2023/2024,True,9079,"Tecniche di radiologia medica, per immagini e radioterapia (abilitante alla professione sanitaria di tecnico di radiologia medica)",http://www.unibo.it/it/didattica/corsi-di-studio/corso/2023/9079,Bologna,Bologna,Medicina e Chirurgia,Laurea,3,False,,,it,numero programmato nazionale con prova locale
2023/2024,True,9080,Logopedia (abilitante alla professione sanitaria di logopedista),http://www.unibo.it/it/didattica/corsi-di-studio/corso/2023/9080,Ravenna,Faenza,Medicina e Chirurgia,Laurea,3,False,,,it,numero programmato nazionale con prova locale
2023/2024,True,9081,Medical Biotechnology,http://www.unibo.it/it/didattica/corsi-di-studio/corso/2023/9081,Bologna,Bologna,Medicina e Chirurgia,Laurea Magistrale,2,True,,Erogato in lingua straniera,en,libero
2023/2024,True,9082,Ingegneria biomedica,http://www.unibo.it/it/didattica/corsi-di-studio/corso/2023/9082,Cesena,Cesena,Ingegneria e architettura,Laurea,3,False,,,it,numero chiuso
2023/2024,True,9083,Educatore nei servizi per l'infanzia,http://www.unibo.it/it/didattica/corsi-di-studio/corso/2023/9083,Bologna,Bologna,Scienze dell’educazione e della formazione,Laurea,3,False,,,it,numero chiuso
2023/2024,True,9084,International Relations,http://www.unibo.it/it/didattica/corsi-di-studio/corso/2023/9084,Bologna,Bologna,Scienze politiche,Laurea Magistrale,2,True,,Erogato in lingua straniera,en,numero chiuso
2023/2024,True,9085,"Politica, amministrazione e organizzazione",http://www.unibo.it/it/didattica/corsi-di-studio/corso/2023/9085,Bologna,Bologna,Scienze politiche,Laurea Magistrale,2,True,Titolo multiplo (solo alcuni curricula),Erogato in lingua straniera (solo alcuni curricula),it en,numero chiuso
2023/2024,True,9140,Food Safety and Food Risk Management,http://www.unibo.it/it/didattica/corsi-di-studio/corso/2023/9140,,"Parma, Bologna, Reggio Emilia, Piacenza, Modena",Scienze agro-alimentari,Laurea Magistrale,2,True,Titolo congiunto,Erogato in lingua straniera,en,libero
2023/2024,True,9174,Specialized translation,http://www.unibo.it/it/didattica/corsi-di-studio/corso/2023/9174,Forlì,Forlì,"Lingue e Letterature, Traduzione e Interpretazione",Laurea Magistrale,2,True,Titolo multiplo (solo alcuni curricula),Erogato in lingua straniera,en,numero chiuso
2023/2024,True,9198,Ingegneria per l'ambiente e il territorio,http://www.unibo.it/it/didattica/corsi-di-studio/corso/2023/9198,Bologna,Bologna,Ingegneria e architettura,Laurea,3,False,,,it,libero
2023/2024,False,9199,Ingegneria edile,http://www.unibo.it/it/didattica/corsi-di-studio/corso/2023/9199,Ravenna,Ravenna,Ingegneria e architettura,Laurea,3,False,,,it,numero chiuso
2023/2024,True,9201,Ostetricia (abilitante alla professione sanitaria di ostetrica/o),http://www.unibo.it/it/didattica/corsi-di-studio/corso/2023/9201,Bologna,Bologna,Medicina e Chirurgia,Laurea,3,False,,,it,numero programmato nazionale con prova locale
2023/2024,True,9202,Economia e commercio,http://www.unibo.it/it/didattica/corsi-di-studio/corso/2023/9202,Forlì,Forlì,Economia e management,Laurea,3,False,,,it,numero chiuso
2023/2024,True,9203,Economia e management,http://www.unibo.it/it/didattica/corsi-di-studio/corso/2023/9203,Forlì,Forlì,Economia e management,Laurea Magistrale,2,True,Titolo multiplo,,it,numero chiuso
2023/2024,True,9205,Telecommunications Engineering,http://www.unibo.it/it/didattica/corsi-di-studio/corso/2023/9205,Bologna,Bologna,Ingegneria e architettura,Laurea Magistrale,2,True,Titolo multiplo,Erogato in lingua straniera,en,libero
2023/2024,True,9206,Pedagogia,http://www.unibo.it/it/didattica/corsi-di-studio/corso/2023/9206,Bologna,Bologna,Scienze dell’educazione e della formazione,Laurea Magistrale,2,False,,,it,numero chiuso
2023/2024,True,9210,Medicine and Surgery,http://www.unibo.it/it/didattica/corsi-di-studio/corso/2023/9210,Bologna,Bologna,Medicina e Chirurgia,Laurea Magistrale a ciclo unico,6,True,,Erogato in lingua straniera,en,numero programmato nazionale
2023/2024,True,9211,Genomics,http://www.unibo.it/it/didattica/corsi-di-studio/corso/2023/9211,Bologna,Bologna,Farmacia e biotecnologie,Laurea,3,True,,Erogato in lingua straniera,en,numero chiuso
2023/2024,True,9212,Biologia della salute,http://www.unibo.it/it/didattica/corsi-di-studio/corso/2023/9212,Bologna,Bologna,Farmacia e biotecnologie,Laurea Magistrale,2,False,,,it,numero chiuso
2023/2024,True,9213,Biotecnologie molecolari e industriali,http://www.unibo.it/it/didattica/corsi-di-studio/corso/2023/9213,Bologna,Bologna,Farmacia e biotecnologie,Laurea Magistrale,2,False,,,it,libero
2023/2024,True,9214,Management delle attività motorie e sportive,http://www.unibo.it/it/didattica/corsi-di-studio/corso/2023/9214,Bologna,Bologna,Scienze motorie,Laurea Magistrale,2,False,,,it,numero chiuso
2023/2024,True,9216,Filosofia,http://www.unibo.it/it/didattica/corsi-di-studio/corso/2023/9216,Bologna,Bologna,Studi umanistici,Laurea,3,True,Titolo multiplo,,it,libero
2023/2024,True,9217,Ingegneria dell'automazione,http://www.unibo.it/it/didattica/corsi-di-studio/corso/2023/9217,Bologna,Bologna,Ingegneria e architettura,Laurea,3,True,Titolo multiplo (solo alcuni curricula),,it,numero chiuso
2023/2024,True,9218,"Beni archeologici, artistici e del paesaggio: storia, tutela e valorizzazione",http://www.unibo.it/it/didattica/corsi-di-studio/corso/2023/9218,Ravenna,Ravenna,Studi umanistici,Laurea Magistrale,2,False,,,it,libero
2023/2024,False,9219,Farmacia,http://www.unibo.it/it/didattica/corsi-di-studio/corso/2023/9219,Bologna,Bologna,Farmacia e biotecnologie,Laurea Magistrale a ciclo unico,5,True,Titolo multiplo,,it,numero chiuso
2023/2024,True,9220,"Italianistica, culture letterarie europee, scienze linguistiche",http://www.unibo.it/it/didattica/corsi-di-studio/corso/2023/9220,Bologna,Bologna,Studi umanistici,Laurea Magistrale,2,True,Titolo multiplo (solo alcuni curricula),Erogato in lingua straniera (solo alcuni curricula),it en,libero
2023/2024,True,9222,Statistical Sciences,http://www.unibo.it/it/didattica/corsi-di-studio/corso/2023/9222,Bologna,Bologna,Scienze Statistiche,Laurea Magistrale,2,True,Titolo multiplo (solo alcuni curricula),Erogato in lingua straniera,en,libero
2023/2024,True,9224,Digital Humanities and Digital Knowledge,http://www.unibo.it/it/didattica/corsi-di-studio/corso/2023/9224,Bologna,Bologna,Studi umanistici,Laurea Magistrale,2,True,,Erogato in lingua straniera,en,libero
2023/2024,True,9225,Advanced Cosmetic Sciences,http://www.unibo.it/it/didattica/corsi-di-studio/corso/2023/9225,Rimini,Rimini,Scienze,Laurea Magistrale,2,True,,Erogato in lingua straniera,en,libero
2023/2024,True,9228,Progettazione e gestione dell'intervento educativo nel disagio sociale,http://www.unibo.it/it/didattica/corsi-di-studio/corso/2023/9228,Bologna,Bologna,Scienze dell’educazione e della formazione,Laurea Magistrale,2,False,,,it,numero chiuso
2023/2024,True,9229,Progettazione e gestione dell'intervento educativo nel disagio sociale,http://www.unibo.it/it/didattica/corsi-di-studio/corso/2023/9229,Rimini,Rimini,Scienze dell’educazione e della formazione,Laurea Magistrale,2,False,,,it,numero chiuso
2023/2024,True,9230,Consulente del lavoro e delle relazioni aziendali,http://www.unibo.it/it/didattica/corsi-di-studio/corso/2023/9230,Bologna,Bologna,Giurisprudenza,Laurea,3,False,,,it,libero
2023/2024,True,9232,Giurisprudenza,http://www.unibo.it/it/didattica/corsi-di-studio/corso/2023/9232,Bologna,Bologna,Giurisprudenza,Laurea Magistrale a ciclo unico,5,True,Titolo multiplo,,it,libero
2023/2024,False,9233,Giurisprudenza,http://www.unibo.it/it/didattica/corsi-di-studio/corso/2023/9233,Ravenna,Ravenna,Giurisprudenza,Laurea Magistrale a ciclo unico,5,True,Titolo multiplo,,it,libero
2023/2024,True,9234,Ingegneria aerospaziale,http://www.unibo.it/it/didattica/corsi-di-studio/corso/2023/9234,Forlì,Forlì,Ingegneria e architettura,Laurea,3,False,,,it,numero chiuso
2023/2024,True,9235,Scienze e tecnologie agrarie,http://www.unibo.it/it/didattica/corsi-di-studio/corso/2023/9235,Bologna,Bologna,Scienze agro-alimentari,Laurea Magistrale,2,False,,,it,libero
2023/2024,True,9237,International Cooperation on Human Rights and Intercultural Heritage,http://www.unibo.it/it/didattica/corsi-di-studio/corso/2023/9237,Ravenna,Ravenna,"Studi umanistici, Scienze politiche",Laurea Magistrale,2,True,,Erogato in lingua straniera,en,libero
2023/2024,True,9239,Advanced Automotive Engineering,http://www.unibo.it/it/didattica/corsi-di-studio/corso/2023/9239,,"Modena, Bologna",Ingegneria e architettura,Laurea Magistrale,2,True,Titolo congiunto,Erogato in lingua straniera,en,numero chiuso
2023/2024,True,9242,Giurista per le imprese e per la pubblica amministrazione,http://www.unibo.it/it/didattica/corsi-di-studio/corso/2023/9242,Ravenna,Ravenna,Giurisprudenza,Laurea,3,False,,,it,libero
2023/2024,True,9244,Fisica,http://www.unibo.it/it/didattica/corsi-di-studio/corso/2023/9244,Bologna,Bologna,Scienze,Laurea,3,False,,,it,numero chiuso
2023/2024,True,9245,Physics,http://www.unibo.it/it/didattica/corsi-di-studio/corso/2023/9245,Bologna,Bologna,Scienze,Laurea Magistrale,2,True,Titolo multiplo (solo alcuni curricula),Erogato in lingua straniera (solo alcuni curricula),it en,libero
2023/2024,True,9246,Low Carbon Technologies and Sustainable Chemistry,http://www.unibo.it/it/didattica/corsi-di-studio/corso/2023/9246,Bologna,Bologna,Scienze,Laurea Magistrale,2,True,,Erogato in lingua straniera,en,libero
2023/2024,True,9247,Scienze internazionali e diplomatiche,http://www.unibo.it/it/didattica/corsi-di-studio/corso/2023/9247,Forlì,Forlì,Scienze politiche,Laurea Magistrale,2,False,,,it,numero chiuso
2023/2024,True,9249,Offshore Engineering,http://www.unibo.it/it/didattica/corsi-di-studio/corso/2023/9249,Ravenna,Ravenna,Ingegneria e architettura,Laurea Magistrale,2,True,,Erogato in lingua straniera,en,libero
2023/2024,True,9254,Ingegneria informatica,http://www.unibo.it/it/didattica/corsi-di-studio/corso/2023/9254,Bologna,Bologna,Ingegneria e architettura,Laurea,3,False,,,it,numero chiuso
2023/2024,True,9256,Advanced design,http://www.unibo.it/it/didattica/corsi-di-studio/corso/2023/9256,Bologna,Bologna,Ingegneria e architettura,Laurea Magistrale,2,False,,,it,numero chiuso
2023/2024,True,9257,Scienze e gestione della natura,http://www.unibo.it/it/didattica/corsi-di-studio/corso/2023/9257,Bologna,Bologna,Scienze,Laurea Magistrale,2,True,,Erogato in lingua straniera (solo alcuni curricula),it en,libero
2023/2024,False,9262,Chimica e tecnologia farmaceutiche,http://www.unibo.it/it/didattica/corsi-di-studio/corso/2023/9262,Bologna,Bologna,Farmacia e biotecnologie,Laurea Magistrale a ciclo unico,5,False,,,it,numero chiuso
2023/2024,True,9263,Scienze e tecniche dell'attività motoria preventiva e adattata,http://www.unibo.it/it/didattica/corsi-di-studio/corso/2023/9263,Rimini,Rimini,Scienze motorie,Laurea Magistrale,2,False,,,it,numero chiuso
2023/2024,True,9264,"Lingue, mercati e culture dell'Asia e dell'Africa mediterranea",http://www.unibo.it/it/didattica/corsi-di-studio/corso/2023/9264,Bologna,Bologna,"Lingue e Letterature, Traduzione e Interpretazione",Laurea,3,False,,,it,numero chiuso
2023/2024,True,9265,Architettura,http://www.unibo.it/it/didattica/corsi-di-studio/corso/2023/9265,Cesena,Cesena,Ingegneria e architettura,Laurea Magistrale a ciclo unico,5,False,,,it,numero programmato nazionale con prova locale
2023/2024,True,9266,Biomedical Engineering,http://www.unibo.it/it/didattica/corsi-di-studio/corso/2023/9266,Cesena,Cesena,Ingegneria e architettura,Laurea Magistrale,2,True,,Erogato in lingua straniera,en,libero
